cod;nome;ano;valor;;;;;;;;;;
29;BA;2023;5809;;;;;;;;;;
26;PE;2023;3832;;;;;;;;;;
33;RJ;2023;3704;;;;;;;;;;
23;CE;2023;2970;;;;;;;;;;
35;SP;2023;2862;;;;;;;;;;
31;MG;2023;2740;;;;;;;;;;
15;PA;2023;2521;;;;;;;;;;
43;RS;2023;1968;;;;;;;;;;
41;PR;2023;1964;;;;;;;;;;
21;MA;2023;1951;;;;;;;;;;
13;AM;2023;1571;;;;;;;;;;
52;GO;2023;1441;;;;;;;;;;
32;ES;2023;1183;;;;;;;;;;
27;AL;2023;1149;;;;;;;;;;
51;MT;2023;1143;;;;;;;;;;
25;PB;2023;1070;;;;;;;;;;
24;RN;2023;907;;;;;;;;;;
22;PI;2023;749;;;;;;;;;;
28;SE;2023;687;;;;;;;;;;
42;SC;2023;640;;;;;;;;;;
11;RO;2023;526;;;;;;;;;;
50;MS;2023;503;;;;;;;;;;
17;TO;2023;433;;;;;;;;;;
16;AP;2023;383;;;;;;;;;;
53;DF;2023;321;;;;;;;;;;
12;AC;2023;209;;;;;;;;;;
14;RR;2023;207;;;;;;;;;;
29;BA;2022;6776;;;;;;;;;;
33;RJ;2022;3762;;;;;;;;;;
26;PE;2022;3409;;;;;;;;;;
35;SP;2022;3212;;;;;;;;;;
23;CE;2022;3030;;;;;;;;;;
15;PA;2022;2901;;;;;;;;;;
31;MG;2022;2699;;;;;;;;;;
41;PR;2022;2600;;;;;;;;;;
43;RS;2022;1964;;;;;;;;;;
21;MA;2022;1942;;;;;;;;;;
13;AM;2022;1771;;;;;;;;;;
52;GO;2022;1687;;;;;;;;;;
24;RN;2022;1167;;;;;;;;;;
32;ES;2022;1147;;;;;;;;;;
27;AL;2022;1136;;;;;;;;;;
25;PB;2022;1105;;;;;;;;;;
51;MT;2022;1077;;;;;;;;;;
22;PI;2022;794;;;;;;;;;;
28;SE;2022;770;;;;;;;;;;
42;SC;2022;671;;;;;;;;;;
11;RO;2022;601;;;;;;;;;;
50;MS;2022;550;;;;;;;;;;
17;TO;2022;454;;;;;;;;;;
16;AP;2022;358;;;;;;;;;;
53;DF;2022;357;;;;;;;;;;
12;AC;2022;238;;;;;;;;;;
14;RR;2022;231;;;;;;;;;;
29;BA;2021;7206;;;;;;;;;;
33;RJ;2021;4693;;;;;;;;;;
23;CE;2021;3471;;;;;;;;;;
26;PE;2021;3439;;;;;;;;;;
35;SP;2021;3094;;;;;;;;;;
15;PA;2021;2847;;;;;;;;;;
31;MG;2021;2577;;;;;;;;;;
41;PR;2021;2348;;;;;;;;;;
21;MA;2021;1999;;;;;;;;;;
43;RS;2021;1889;;;;;;;;;;
13;AM;2021;1816;;;;;;;;;;
52;GO;2021;1812;;;;;;;;;;
32;ES;2021;1253;;;;;;;;;;
24;RN;2021;1179;;;;;;;;;;
25;PB;2021;1144;;;;;;;;;;
27;AL;2021;1070;;;;;;;;;;
51;MT;2021;888;;;;;;;;;;
28;SE;2021;790;;;;;;;;;;
22;PI;2021;766;;;;;;;;;;
42;SC;2021;712;;;;;;;;;;
50;MS;2021;551;;;;;;;;;;
11;RO;2021;536;;;;;;;;;;
16;AP;2021;462;;;;;;;;;;
17;TO;2021;441;;;;;;;;;;
53;DF;2021;401;;;;;;;;;;
14;RR;2021;258;;;;;;;;;;
12;AC;2021;205;;;;;;;;;;
29;BA;2020;7076;;;;;;;;;;
33;RJ;2020;4831;;;;;;;;;;
23;CE;2020;3992;;;;;;;;;;
26;PE;2020;3786;;;;;;;;;;
35;SP;2020;3396;;;;;;;;;;
15;PA;2020;2809;;;;;;;;;;
31;MG;2020;2743;;;;;;;;;;
41;PR;2020;2281;;;;;;;;;;
52;GO;2020;2177;;;;;;;;;;
21;MA;2020;2103;;;;;;;;;;
43;RS;2020;2094;;;;;;;;;;
24;RN;2020;1406;;;;;;;;;;
13;AM;2020;1326;;;;;;;;;;
27;AL;2020;1292;;;;;;;;;;
32;ES;2020;1229;;;;;;;;;;
25;PB;2020;1141;;;;;;;;;;
51;MT;2020;987;;;;;;;;;;
28;SE;2020;981;;;;;;;;;;
42;SC;2020;732;;;;;;;;;;
22;PI;2020;674;;;;;;;;;;
50;MS;2020;491;;;;;;;;;;
17;TO;2020;484;;;;;;;;;;
11;RO;2020;456;;;;;;;;;;
53;DF;2020;453;;;;;;;;;;
16;AP;2020;387;;;;;;;;;;
12;AC;2020;304;;;;;;;;;;
14;RR;2020;237;;;;;;;;;;
29;BA;2019;6118;;;;;;;;;;
33;RJ;2019;3552;;;;;;;;;;
26;PE;2019;3474;;;;;;;;;;
15;PA;2019;3405;;;;;;;;;;
35;SP;2019;3361;;;;;;;;;;
31;MG;2019;2893;;;;;;;;;;
23;CE;2019;2417;;;;;;;;;;
52;GO;2019;2253;;;;;;;;;;
43;RS;2019;2184;;;;;;;;;;
41;PR;2019;2095;;;;;;;;;;
21;MA;2019;1704;;;;;;;;;;
13;AM;2019;1592;;;;;;;;;;
24;RN;2019;1346;;;;;;;;;;
27;AL;2019;1115;;;;;;;;;;
32;ES;2019;1043;;;;;;;;;;
28;SE;2019;973;;;;;;;;;;
25;PB;2019;953;;;;;;;;;;
51;MT;2019;895;;;;;;;;;;
42;SC;2019;767;;;;;;;;;;
22;PI;2019;569;;;;;;;;;;
50;MS;2019;491;;;;;;;;;;
53;DF;2019;480;;;;;;;;;;
17;TO;2019;456;;;;;;;;;;
11;RO;2019;447;;;;;;;;;;
16;AP;2019;361;;;;;;;;;;
12;AC;2019;325;;;;;;;;;;
14;RR;2019;234;;;;;;;;;;
29;BA;2018;6787;;;;;;;;;;
33;RJ;2018;6455;;;;;;;;;;
23;CE;2018;4900;;;;;;;;;;
15;PA;2018;4528;;;;;;;;;;
26;PE;2018;4190;;;;;;;;;;
35;SP;2018;3727;;;;;;;;;;
31;MG;2018;3372;;;;;;;;;;
43;RS;2018;2699;;;;;;;;;;
52;GO;2018;2675;;;;;;;;;;
41;PR;2018;2443;;;;;;;;;;
21;MA;2018;1982;;;;;;;;;;
24;RN;2018;1825;;;;;;;;;;
13;AM;2018;1542;;;;;;;;;;
27;AL;2018;1441;;;;;;;;;;
25;PB;2018;1244;;;;;;;;;;
32;ES;2018;1165;;;;;;;;;;
28;SE;2018;1133;;;;;;;;;;
51;MT;2018;989;;;;;;;;;;
42;SC;2018;843;;;;;;;;;;
22;PI;2018;619;;;;;;;;;;
50;MS;2018;572;;;;;;;;;;
17;TO;2018;570;;;;;;;;;;
53;DF;2018;530;;;;;;;;;;
11;RO;2018;476;;;;;;;;;;
16;AP;2018;426;;;;;;;;;;
14;RR;2018;414;;;;;;;;;;
12;AC;2018;409;;;;;;;;;;
29;BA;2017;7487;;;;;;;;;;
33;RJ;2017;6416;;;;;;;;;;
23;CE;2017;5433;;;;;;;;;;
26;PE;2017;5419;;;;;;;;;;
35;SP;2017;4631;;;;;;;;;;
15;PA;2017;4575;;;;;;;;;;
31;MG;2017;4299;;;;;;;;;;
43;RS;2017;3316;;;;;;;;;;
52;GO;2017;2901;;;;;;;;;;
41;PR;2017;2759;;;;;;;;;;
24;RN;2017;2203;;;;;;;;;;
21;MA;2017;2180;;;;;;;;;;
27;AL;2017;1813;;;;;;;;;;
13;AM;2017;1674;;;;;;;;;;
32;ES;2017;1521;;;;;;;;;;
25;PB;2017;1341;;;;;;;;;;
28;SE;2017;1313;;;;;;;;;;
51;MT;2017;1102;;;;;;;;;;
42;SC;2017;1066;;;;;;;;;;
50;MS;2017;659;;;;;;;;;;
22;PI;2017;626;;;;;;;;;;
53;DF;2017;610;;;;;;;;;;
17;TO;2017;557;;;;;;;;;;
11;RO;2017;554;;;;;;;;;;
12;AC;2017;516;;;;;;;;;;
16;AP;2017;383;;;;;;;;;;
14;RR;2017;248;;;;;;;;;;
29;BA;2016;7171;;;;;;;;;;
33;RJ;2016;6053;;;;;;;;;;
35;SP;2016;4870;;;;;;;;;;
31;MG;2016;4622;;;;;;;;;;
26;PE;2016;4447;;;;;;;;;;
15;PA;2016;4223;;;;;;;;;;
23;CE;2016;3642;;;;;;;;;;
43;RS;2016;3225;;;;;;;;;;
41;PR;2016;3080;;;;;;;;;;
52;GO;2016;3036;;;;;;;;;;
21;MA;2016;2408;;;;;;;;;;
24;RN;2016;1854;;;;;;;;;;
27;AL;2016;1820;;;;;;;;;;
28;SE;2016;1465;;;;;;;;;;
13;AM;2016;1452;;;;;;;;;;
25;PB;2016;1355;;;;;;;;;;
32;ES;2016;1270;;;;;;;;;;
51;MT;2016;1180;;;;;;;;;;
42;SC;2016;984;;;;;;;;;;
53;DF;2016;760;;;;;;;;;;
11;RO;2016;703;;;;;;;;;;
22;PI;2016;701;;;;;;;;;;
50;MS;2016;671;;;;;;;;;;
17;TO;2016;577;;;;;;;;;;
16;AP;2016;381;;;;;;;;;;
12;AC;2016;363;;;;;;;;;;
14;RR;2016;204;;;;;;;;;;
29;BA;2015;6012;;;;;;;;;;
35;SP;2015;5427;;;;;;;;;;
33;RJ;2015;5067;;;;;;;;;;
31;MG;2015;4532;;;;;;;;;;
23;CE;2015;4163;;;;;;;;;;
26;PE;2015;3847;;;;;;;;;;
15;PA;2015;3675;;;;;;;;;;
52;GO;2015;2997;;;;;;;;;;
43;RS;2015;2944;;;;;;;;;;
41;PR;2015;2936;;;;;;;;;;
21;MA;2015;2438;;;;;;;;;;
27;AL;2015;1748;;;;;;;;;;
24;RN;2015;1545;;;;;;;;;;
25;PB;2015;1522;;;;;;;;;;
13;AM;2015;1472;;;;;;;;;;
32;ES;2015;1450;;;;;;;;;;
28;SE;2015;1303;;;;;;;;;;
51;MT;2015;1203;;;;;;;;;;
42;SC;2015;957;;;;;;;;;;
53;DF;2015;742;;;;;;;;;;
22;PI;2015;650;;;;;;;;;;
50;MS;2015;634;;;;;;;;;;
11;RO;2015;600;;;;;;;;;;
17;TO;2015;503;;;;;;;;;;
16;AP;2015;293;;;;;;;;;;
12;AC;2015;217;;;;;;;;;;
14;RR;2015;203;;;;;;;;;;
35;SP;2014;6185;;;;;;;;;;
29;BA;2014;6052;;;;;;;;;;
33;RJ;2014;5718;;;;;;;;;;
31;MG;2014;4724;;;;;;;;;;
23;CE;2014;4626;;;;;;;;;;
15;PA;2014;3446;;;;;;;;;;
26;PE;2014;3358;;;;;;;;;;
41;PR;2014;2980;;;;;;;;;;
52;GO;2014;2887;;;;;;;;;;
43;RS;2014;2724;;;;;;;;;;
21;MA;2014;2462;;;;;;;;;;
27;AL;2014;2085;;;;;;;;;;
32;ES;2014;1609;;;;;;;;;;
24;RN;2014;1602;;;;;;;;;;
25;PB;2014;1551;;;;;;;;;;
51;MT;2014;1358;;;;;;;;;;
13;AM;2014;1240;;;;;;;;;;
28;SE;2014;1097;;;;;;;;;;
42;SC;2014;905;;;;;;;;;;
53;DF;2014;843;;;;;;;;;;
22;PI;2014;717;;;;;;;;;;
50;MS;2014;700;;;;;;;;;;
11;RO;2014;578;;;;;;;;;;
17;TO;2014;381;;;;;;;;;;
16;AP;2014;256;;;;;;;;;;
12;AC;2014;232;;;;;;;;;;
14;RR;2014;158;;;;;;;;;;
35;SP;2013;6035;;;;;;;;;;
29;BA;2013;5694;;;;;;;;;;
33;RJ;2013;5111;;;;;;;;;;
31;MG;2013;4717;;;;;;;;;;
23;CE;2013;4473;;;;;;;;;;
15;PA;2013;3405;;;;;;;;;;
26;PE;2013;3124;;;;;;;;;;
52;GO;2013;2975;;;;;;;;;;
41;PR;2013;2936;;;;;;;;;;
43;RS;2013;2322;;;;;;;;;;
21;MA;2013;2163;;;;;;;;;;
27;AL;2013;2148;;;;;;;;;;
32;ES;2013;1622;;;;;;;;;;
25;PB;2013;1551;;;;;;;;;;
24;RN;2013;1447;;;;;;;;;;
13;AM;2013;1191;;;;;;;;;;
51;MT;2013;1158;;;;;;;;;;
28;SE;2013;965;;;;;;;;;;
53;DF;2013;837;;;;;;;;;;
42;SC;2013;789;;;;;;;;;;
50;MS;2013;630;;;;;;;;;;
22;PI;2013;598;;;;;;;;;;
11;RO;2013;483;;;;;;;;;;
17;TO;2013;349;;;;;;;;;;
12;AC;2013;234;;;;;;;;;;
16;AP;2013;225;;;;;;;;;;
14;RR;2013;214;;;;;;;;;;
35;SP;2012;6566;;;;;;;;;;
29;BA;2012;6148;;;;;;;;;;
33;RJ;2012;4772;;;;;;;;;;
31;MG;2012;4562;;;;;;;;;;
23;CE;2012;3841;;;;;;;;;;
41;PR;2012;3489;;;;;;;;;;
26;PE;2012;3327;;;;;;;;;;
15;PA;2012;3236;;;;;;;;;;
52;GO;2012;2793;;;;;;;;;;
43;RS;2012;2382;;;;;;;;;;
27;AL;2012;2046;;;;;;;;;;
21;MA;2012;1777;;;;;;;;;;
32;ES;2012;1667;;;;;;;;;;
25;PB;2012;1525;;;;;;;;;;
13;AM;2012;1344;;;;;;;;;;
24;RN;2012;1124;;;;;;;;;;
51;MT;2012;1074;;;;;;;;;;
53;DF;2012;954;;;;;;;;;;
28;SE;2012;879;;;;;;;;;;
42;SC;2012;821;;;;;;;;;;
50;MS;2012;683;;;;;;;;;;
11;RO;2012;526;;;;;;;;;;
22;PI;2012;525;;;;;;;;;;
17;TO;2012;379;;;;;;;;;;
16;AP;2012;253;;;;;;;;;;
12;AC;2012;208;;;;;;;;;;
14;RR;2012;144;;;;;;;;;;
35;SP;2011;5842;;;;;;;;;;
29;BA;2011;5549;;;;;;;;;;
33;RJ;2011;4781;;;;;;;;;;
31;MG;2011;4262;;;;;;;;;;
26;PE;2011;3471;;;;;;;;;;
41;PR;2011;3376;;;;;;;;;;
15;PA;2011;3073;;;;;;;;;;
23;CE;2011;2792;;;;;;;;;;
52;GO;2011;2272;;;;;;;;;;
27;AL;2011;2244;;;;;;;;;;
43;RS;2011;2077;;;;;;;;;;
32;ES;2011;1672;;;;;;;;;;
25;PB;2011;1614;;;;;;;;;;
21;MA;2011;1591;;;;;;;;;;
13;AM;2011;1292;;;;;;;;;;
24;RN;2011;1054;;;;;;;;;;
51;MT;2011;1009;;;;;;;;;;
53;DF;2011;902;;;;;;;;;;
42;SC;2011;811;;;;;;;;;;
28;SE;2011;731;;;;;;;;;;
50;MS;2011;673;;;;;;;;;;
11;RO;2011;450;;;;;;;;;;
22;PI;2011;440;;;;;;;;;;
17;TO;2011;361;;;;;;;;;;
16;AP;2011;209;;;;;;;;;;
12;AC;2011;164;;;;;;;;;;
14;RR;2011;95;;;;;;;;;;
35;SP;2010;6039;;;;;;;;;;
29;BA;2010;5844;;;;;;;;;;
33;RJ;2010;5667;;;;;;;;;;
31;MG;2010;3646;;;;;;;;;;
41;PR;2010;3586;;;;;;;;;;
15;PA;2010;3521;;;;;;;;;;
26;PE;2010;3473;;;;;;;;;;
23;CE;2010;2688;;;;;;;;;;
27;AL;2010;2087;;;;;;;;;;
43;RS;2010;2085;;;;;;;;;;
52;GO;2010;1979;;;;;;;;;;
32;ES;2010;1792;;;;;;;;;;
21;MA;2010;1519;;;;;;;;;;
25;PB;2010;1455;;;;;;;;;;
13;AM;2010;1082;;;;;;;;;;
51;MT;2010;972;;;;;;;;;;
42;SC;2010;823;;;;;;;;;;
24;RN;2010;810;;;;;;;;;;
53;DF;2010;786;;;;;;;;;;
28;SE;2010;676;;;;;;;;;;
50;MS;2010;656;;;;;;;;;;
11;RO;2010;546;;;;;;;;;;
22;PI;2010;411;;;;;;;;;;
17;TO;2010;327;;;;;;;;;;
16;AP;2010;260;;;;;;;;;;
12;AC;2010;165;;;;;;;;;;
14;RR;2010;121;;;;;;;;;;
35;SP;2009;6557;;;;;;;;;;
29;BA;2009;5432;;;;;;;;;;
33;RJ;2009;5365;;;;;;;;;;
26;PE;2009;3963;;;;;;;;;;
31;MG;2009;3742;;;;;;;;;;
41;PR;2009;3698;;;;;;;;;;
15;PA;2009;2989;;;;;;;;;;
43;RS;2009;2242;;;;;;;;;;
23;CE;2009;2165;;;;;;;;;;
32;ES;2009;1985;;;;;;;;;;
52;GO;2009;1902;;;;;;;;;;
27;AL;2009;1873;;;;;;;;;;
21;MA;2009;1398;;;;;;;;;;
25;PB;2009;1263;;;;;;;;;;
51;MT;2009;1000;;;;;;;;;;
13;AM;2009;916;;;;;;;;;;
53;DF;2009;882;;;;;;;;;;
42;SC;2009;820;;;;;;;;;;
24;RN;2009;800;;;;;;;;;;
50;MS;2009;725;;;;;;;;;;
28;SE;2009;653;;;;;;;;;;
11;RO;2009;538;;;;;;;;;;
22;PI;2009;385;;;;;;;;;;
17;TO;2009;289;;;;;;;;;;
16;AP;2009;190;;;;;;;;;;
12;AC;2009;153;;;;;;;;;;
14;RR;2009;118;;;;;;;;;;
35;SP;2008;6332;;;;;;;;;;
33;RJ;2008;5662;;;;;;;;;;
29;BA;2008;4819;;;;;;;;;;
26;PE;2008;4446;;;;;;;;;;
31;MG;2008;3889;;;;;;;;;;
41;PR;2008;3445;;;;;;;;;;
15;PA;2008;2860;;;;;;;;;;
43;RS;2008;2380;;;;;;;;;;
23;CE;2008;2019;;;;;;;;;;
32;ES;2008;1947;;;;;;;;;;
27;AL;2008;1887;;;;;;;;;;
52;GO;2008;1792;;;;;;;;;;
21;MA;2008;1277;;;;;;;;;;
25;PB;2008;1029;;;;;;;;;;
51;MT;2008;937;;;;;;;;;;
13;AM;2008;830;;;;;;;;;;
53;DF;2008;812;;;;;;;;;;
42;SC;2008;802;;;;;;;;;;
24;RN;2008;714;;;;;;;;;;
50;MS;2008;699;;;;;;;;;;
28;SE;2008;555;;;;;;;;;;
11;RO;2008;480;;;;;;;;;;
22;PI;2008;361;;;;;;;;;;
17;TO;2008;237;;;;;;;;;;
16;AP;2008;210;;;;;;;;;;
12;AC;2008;133;;;;;;;;;;
14;RR;2008;105;;;;;;;;;;
33;RJ;2007;6551;;;;;;;;;;
35;SP;2007;6437;;;;;;;;;;
26;PE;2007;4557;;;;;;;;;;
31;MG;2007;4125;;;;;;;;;;
29;BA;2007;3659;;;;;;;;;;
41;PR;2007;3105;;;;;;;;;;
43;RS;2007;2199;;;;;;;;;;
15;PA;2007;2194;;;;;;;;;;
23;CE;2007;1933;;;;;;;;;;
32;ES;2007;1877;;;;;;;;;;
27;AL;2007;1836;;;;;;;;;;
52;GO;2007;1521;;;;;;;;;;
21;MA;2007;1127;;;;;;;;;;
51;MT;2007;889;;;;;;;;;;
25;PB;2007;864;;;;;;;;;;
13;AM;2007;715;;;;;;;;;;
53;DF;2007;711;;;;;;;;;;
50;MS;2007;710;;;;;;;;;;
42;SC;2007;632;;;;;;;;;;
24;RN;2007;589;;;;;;;;;;
28;SE;2007;522;;;;;;;;;;
11;RO;2007;432;;;;;;;;;;
22;PI;2007;383;;;;;;;;;;
17;TO;2007;226;;;;;;;;;;
16;AP;2007;172;;;;;;;;;;
12;AC;2007;137;;;;;;;;;;
14;RR;2007;116;;;;;;;;;;
35;SP;2006;8377;;;;;;;;;;
33;RJ;2006;7389;;;;;;;;;;
26;PE;2006;4472;;;;;;;;;;
31;MG;2006;4177;;;;;;;;;;
29;BA;2006;3311;;;;;;;;;;
41;PR;2006;3098;;;;;;;;;;
15;PA;2006;2073;;;;;;;;;;
43;RS;2006;1983;;;;;;;;;;
23;CE;2006;1792;;;;;;;;;;
32;ES;2006;1762;;;;;;;;;;
27;AL;2006;1620;;;;;;;;;;
52;GO;2006;1509;;;;;;;;;;
21;MA;2006;969;;;;;;;;;;
51;MT;2006;896;;;;;;;;;;
25;PB;2006;825;;;;;;;;;;
13;AM;2006;699;;;;;;;;;;
50;MS;2006;683;;;;;;;;;;
42;SC;2006;666;;;;;;;;;;
53;DF;2006;660;;;;;;;;;;
11;RO;2006;585;;;;;;;;;;
28;SE;2006;585;;;;;;;;;;
24;RN;2006;455;;;;;;;;;;
22;PI;2006;418;;;;;;;;;;
17;TO;2006;229;;;;;;;;;;
16;AP;2006;202;;;;;;;;;;
12;AC;2006;158;;;;;;;;;;
14;RR;2006;111;;;;;;;;;;
35;SP;2005;8870;;;;;;;;;;
33;RJ;2005;7408;;;;;;;;;;
26;PE;2005;4330;;;;;;;;;;
31;MG;2005;4223;;;;;;;;;;
41;PR;2005;2977;;;;;;;;;;
29;BA;2005;2881;;;;;;;;;;
43;RS;2005;2021;;;;;;;;;;
15;PA;2005;1926;;;;;;;;;;
23;CE;2005;1699;;;;;;;;;;
32;ES;2005;1602;;;;;;;;;;
52;GO;2005;1468;;;;;;;;;;
27;AL;2005;1203;;;;;;;;;;
21;MA;2005;935;;;;;;;;;;
51;MT;2005;907;;;;;;;;;;
25;PB;2005;745;;;;;;;;;;
53;DF;2005;657;;;;;;;;;;
42;SC;2005;633;;;;;;;;;;
50;MS;2005;631;;;;;;;;;;
13;AM;2005;599;;;;;;;;;;
11;RO;2005;555;;;;;;;;;;
28;SE;2005;487;;;;;;;;;;
24;RN;2005;406;;;;;;;;;;
22;PI;2005;368;;;;;;;;;;
16;AP;2005;196;;;;;;;;;;
17;TO;2005;190;;;;;;;;;;
12;AC;2005;124;;;;;;;;;;
14;RR;2005;95;;;;;;;;;;
35;SP;2004;11336;;;;;;;;;;
33;RJ;2004;7731;;;;;;;;;;
31;MG;2004;4286;;;;;;;;;;
26;PE;2004;4174;;;;;;;;;;
41;PR;2004;2826;;;;;;;;;;
29;BA;2004;2262;;;;;;;;;;
43;RS;2004;1982;;;;;;;;;;
32;ES;2004;1619;;;;;;;;;;
23;CE;2004;1582;;;;;;;;;;
52;GO;2004;1524;;;;;;;;;;
15;PA;2004;1519;;;;;;;;;;
27;AL;2004;1035;;;;;;;;;;
51;MT;2004;853;;;;;;;;;;
21;MA;2004;732;;;;;;;;;;
53;DF;2004;696;;;;;;;;;;
25;PB;2004;675;;;;;;;;;;
50;MS;2004;656;;;;;;;;;;
42;SC;2004;638;;;;;;;;;;
11;RO;2004;563;;;;;;;;;;
13;AM;2004;526;;;;;;;;;;
28;SE;2004;454;;;;;;;;;;
24;RN;2004;344;;;;;;;;;;
22;PI;2004;327;;;;;;;;;;
17;TO;2004;198;;;;;;;;;;
16;AP;2004;172;;;;;;;;;;
12;AC;2004;114;;;;;;;;;;
14;RR;2004;85;;;;;;;;;;
35;SP;2003;14048;;;;;;;;;;
33;RJ;2003;8115;;;;;;;;;;
26;PE;2003;4517;;;;;;;;;;
31;MG;2003;3869;;;;;;;;;;
41;PR;2003;2555;;;;;;;;;;
29;BA;2003;2166;;;;;;;;;;
43;RS;2003;1908;;;;;;;;;;
32;ES;2003;1629;;;;;;;;;;
23;CE;2003;1563;;;;;;;;;;
15;PA;2003;1405;;;;;;;;;;
52;GO;2003;1346;;;;;;;;;;
27;AL;2003;1039;;;;;;;;;;
51;MT;2003;908;;;;;;;;;;
21;MA;2003;795;;;;;;;;;;
53;DF;2003;742;;;;;;;;;;
50;MS;2003;705;;;;;;;;;;
42;SC;2003;670;;;;;;;;;;
25;PB;2003;616;;;;;;;;;;
11;RO;2003;566;;;;;;;;;;
13;AM;2003;558;;;;;;;;;;
28;SE;2003;469;;;;;;;;;;
24;RN;2003;405;;;;;;;;;;
22;PI;2003;298;;;;;;;;;;
17;TO;2003;204;;;;;;;;;;
16;AP;2003;185;;;;;;;;;;
12;AC;2003;147;;;;;;;;;;
14;RR;2003;106;;;;;;;;;;
35;SP;2002;14526;;;;;;;;;;
33;RJ;2002;8335;;;;;;;;;;
26;PE;2002;4396;;;;;;;;;;
31;MG;2002;2994;;;;;;;;;;
41;PR;2002;2266;;;;;;;;;;
43;RS;2002;1912;;;;;;;;;;
29;BA;2002;1759;;;;;;;;;;
32;ES;2002;1644;;;;;;;;;;
23;CE;2002;1445;;;;;;;;;;
52;GO;2002;1370;;;;;;;;;;
15;PA;2002;1192;;;;;;;;;;
27;AL;2002;991;;;;;;;;;;
51;MT;2002;948;;;;;;;;;;
50;MS;2002;684;;;;;;;;;;
53;DF;2002;641;;;;;;;;;;
11;RO;2002;615;;;;;;;;;;
25;PB;2002;607;;;;;;;;;;
21;MA;2002;606;;;;;;;;;;
42;SC;2002;585;;;;;;;;;;
28;SE;2002;556;;;;;;;;;;
13;AM;2002;513;;;;;;;;;;
22;PI;2002;308;;;;;;;;;;
24;RN;2002;299;;;;;;;;;;
16;AP;2002;181;;;;;;;;;;
17;TO;2002;170;;;;;;;;;;
12;AC;2002;151;;;;;;;;;;
14;RR;2002;122;;;;;;;;;;
35;SP;2001;15773;;;;;;;;;;
33;RJ;2001;7362;;;;;;;;;;
26;PE;2001;4710;;;;;;;;;;
31;MG;2001;2366;;;;;;;;;;
41;PR;2001;2052;;;;;;;;;;
43;RS;2001;1854;;;;;;;;;;
29;BA;2001;1622;;;;;;;;;;
32;ES;2001;1452;;;;;;;;;;
23;CE;2001;1284;;;;;;;;;;
52;GO;2001;1167;;;;;;;;;;
51;MT;2001;973;;;;;;;;;;
15;PA;2001;966;;;;;;;;;;
27;AL;2001;830;;;;;;;;;;
53;DF;2001;693;;;;;;;;;;
50;MS;2001;621;;;;;;;;;;
11;RO;2001;573;;;;;;;;;;
21;MA;2001;563;;;;;;;;;;
28;SE;2001;518;;;;;;;;;;
13;AM;2001;485;;;;;;;;;;
25;PB;2001;484;;;;;;;;;;
42;SC;2001;477;;;;;;;;;;
24;RN;2001;322;;;;;;;;;;
22;PI;2001;262;;;;;;;;;;
17;TO;2001;212;;;;;;;;;;
16;AP;2001;182;;;;;;;;;;
12;AC;2001;121;;;;;;;;;;
14;RR;2001;108;;;;;;;;;;
35;SP;2000;15591;;;;;;;;;;
33;RJ;2000;7350;;;;;;;;;;
26;PE;2000;4290;;;;;;;;;;
31;MG;2000;2109;;;;;;;;;;
41;PR;2000;1789;;;;;;;;;;
43;RS;2000;1668;;;;;;;;;;
32;ES;2000;1435;;;;;;;;;;
29;BA;2000;1242;;;;;;;;;;
23;CE;2000;1238;;;;;;;;;;
52;GO;2000;1085;;;;;;;;;;
51;MT;2000;990;;;;;;;;;;
15;PA;2000;806;;;;;;;;;;
27;AL;2000;727;;;;;;;;;;
53;DF;2000;687;;;;;;;;;;
50;MS;2000;651;;;;;;;;;;
13;AM;2000;552;;;;;;;;;;
25;PB;2000;507;;;;;;;;;;
11;RO;2000;466;;;;;;;;;;
42;SC;2000;433;;;;;;;;;;
28;SE;2000;410;;;;;;;;;;
21;MA;2000;352;;;;;;;;;;
24;RN;2000;257;;;;;;;;;;
22;PI;2000;230;;;;;;;;;;
17;TO;2000;176;;;;;;;;;;
16;AP;2000;156;;;;;;;;;;
14;RR;2000;130;;;;;;;;;;
12;AC;2000;106;;;;;;;;;;
35;SP;1999;15763;;;;;;;;;;
33;RJ;1999;7261;;;;;;;;;;
26;PE;1999;4217;;;;;;;;;;
41;PR;1999;1706;;;;;;;;;;
31;MG;1999;1596;;;;;;;;;;
43;RS;1999;1533;;;;;;;;;;
32;ES;1999;1524;;;;;;;;;;
23;CE;1999;1104;;;;;;;;;;
29;BA;1999;913;;;;;;;;;;
52;GO;1999;853;;;;;;;;;;
51;MT;1999;822;;;;;;;;;;
53;DF;1999;659;;;;;;;;;;
15;PA;1999;642;;;;;;;;;;
50;MS;1999;571;;;;;;;;;;
27;AL;1999;554;;;;;;;;;;
13;AM;1999;527;;;;;;;;;;
11;RO;1999;432;;;;;;;;;;
25;PB;1999;403;;;;;;;;;;
42;SC;1999;385;;;;;;;;;;
28;SE;1999;329;;;;;;;;;;
21;MA;1999;262;;;;;;;;;;
24;RN;1999;224;;;;;;;;;;
16;AP;1999;192;;;;;;;;;;
14;RR;1999;154;;;;;;;;;;
17;TO;1999;137;;;;;;;;;;
22;PI;1999;133;;;;;;;;;;
12;AC;1999;51;;;;;;;;;;
35;SP;1998;13986;;;;;;;;;;
33;RJ;1998;7573;;;;;;;;;;
26;PE;1998;4423;;;;;;;;;;
32;ES;1998;1675;;;;;;;;;;
41;PR;1998;1625;;;;;;;;;;
43;RS;1998;1524;;;;;;;;;;
31;MG;1998;1511;;;;;;;;;;
29;BA;1998;1271;;;;;;;;;;
23;CE;1998;946;;;;;;;;;;
51;MT;1998;832;;;;;;;;;;
15;PA;1998;774;;;;;;;;;;
52;GO;1998;704;;;;;;;;;;
50;MS;1998;670;;;;;;;;;;
53;DF;1998;633;;;;;;;;;;
27;AL;1998;582;;;;;;;;;;
13;AM;1998;534;;;;;;;;;;
11;RO;1998;494;;;;;;;;;;
25;PB;1998;455;;;;;;;;;;
42;SC;1998;414;;;;;;;;;;
21;MA;1998;278;;;;;;;;;;
24;RN;1998;222;;;;;;;;;;
28;SE;1998;175;;;;;;;;;;
16;AP;1998;160;;;;;;;;;;
22;PI;1998;140;;;;;;;;;;
14;RR;1998;134;;;;;;;;;;
17;TO;1998;129;;;;;;;;;;
12;AC;1998;110;;;;;;;;;;
35;SP;1997;12537;;;;;;;;;;
33;RJ;1997;7954;;;;;;;;;;
26;PE;1997;3713;;;;;;;;;;
29;BA;1997;1981;;;;;;;;;;
43;RS;1997;1648;;;;;;;;;;
41;PR;1997;1581;;;;;;;;;;
32;ES;1997;1416;;;;;;;;;;
31;MG;1997;1347;;;;;;;;;;
23;CE;1997;1026;;;;;;;;;;
51;MT;1997;766;;;;;;;;;;
15;PA;1997;754;;;;;;;;;;
52;GO;1997;744;;;;;;;;;;
50;MS;1997;729;;;;;;;;;;
27;AL;1997;642;;;;;;;;;;
53;DF;1997;613;;;;;;;;;;
25;PB;1997;492;;;;;;;;;;
13;AM;1997;468;;;;;;;;;;
42;SC;1997;423;;;;;;;;;;
11;RO;1997;355;;;;;;;;;;
21;MA;1997;333;;;;;;;;;;
24;RN;1997;235;;;;;;;;;;
28;SE;1997;190;;;;;;;;;;
22;PI;1997;142;;;;;;;;;;
16;AP;1997;140;;;;;;;;;;
17;TO;1997;112;;;;;;;;;;
12;AC;1997;100;;;;;;;;;;
14;RR;1997;90;;;;;;;;;;
35;SP;1996;12320;;;;;;;;;;
33;RJ;1996;8034;;;;;;;;;;
26;PE;1996;3022;;;;;;;;;;
29;BA;1996;1883;;;;;;;;;;
43;RS;1996;1482;;;;;;;;;;
41;PR;1996;1379;;;;;;;;;;
31;MG;1996;1261;;;;;;;;;;
32;ES;1996;1191;;;;;;;;;;
23;CE;1996;885;;;;;;;;;;
52;GO;1996;782;;;;;;;;;;
27;AL;1996;741;;;;;;;;;;
50;MS;1996;722;;;;;;;;;;
15;PA;1996;700;;;;;;;;;;
51;MT;1996;660;;;;;;;;;;
25;PB;1996;636;;;;;;;;;;
53;DF;1996;615;;;;;;;;;;
13;AM;1996;450;;;;;;;;;;
42;SC;1996;412;;;;;;;;;;
21;MA;1996;363;;;;;;;;;;
11;RO;1996;301;;;;;;;;;;
24;RN;1996;241;;;;;;;;;;
28;SE;1996;238;;;;;;;;;;
16;AP;1996;157;;;;;;;;;;
17;TO;1996;126;;;;;;;;;;
22;PI;1996;117;;;;;;;;;;
14;RR;1996;107;;;;;;;;;;
12;AC;1996;104;;;;;;;;;;
35;SP;1995;11555;;;;;;;;;;
33;RJ;1995;8218;;;;;;;;;;
26;PE;1995;2706;;;;;;;;;;
29;BA;1995;1536;;;;;;;;;;
43;RS;1995;1439;;;;;;;;;;
41;PR;1995;1387;;;;;;;;;;
31;MG;1995;1214;;;;;;;;;;
32;ES;1995;1154;;;;;;;;;;
23;CE;1995;845;;;;;;;;;;
52;GO;1995;784;;;;;;;;;;
27;AL;1995;742;;;;;;;;;;
15;PA;1995;700;;;;;;;;;;
50;MS;1995;636;;;;;;;;;;
53;DF;1995;629;;;;;;;;;;
51;MT;1995;583;;;;;;;;;;
25;PB;1995;457;;;;;;;;;;
13;AM;1995;425;;;;;;;;;;
42;SC;1995;420;;;;;;;;;;
21;MA;1995;385;;;;;;;;;;
11;RO;1995;330;;;;;;;;;;
28;SE;1995;255;;;;;;;;;;
24;RN;1995;247;;;;;;;;;;
16;AP;1995;124;;;;;;;;;;
22;PI;1995;114;;;;;;;;;;
12;AC;1995;103;;;;;;;;;;
14;RR;1995;87;;;;;;;;;;
17;TO;1995;77;;;;;;;;;;
35;SP;1994;9981;;;;;;;;;;
33;RJ;1994;6420;;;;;;;;;;
26;PE;1994;2593;;;;;;;;;;
29;BA;1994;1739;;;;;;;;;;
43;RS;1994;1334;;;;;;;;;;
41;PR;1994;1260;;;;;;;;;;
32;ES;1994;1166;;;;;;;;;;
31;MG;1994;1118;;;;;;;;;;
52;GO;1994;774;;;;;;;;;;
15;PA;1994;716;;;;;;;;;;
23;CE;1994;636;;;;;;;;;;
27;AL;1994;615;;;;;;;;;;
53;DF;1994;556;;;;;;;;;;
50;MS;1994;522;;;;;;;;;;
11;RO;1994;399;;;;;;;;;;
13;AM;1994;387;;;;;;;;;;
25;PB;1994;385;;;;;;;;;;
42;SC;1994;346;;;;;;;;;;
28;SE;1994;344;;;;;;;;;;
51;MT;1994;316;;;;;;;;;;
21;MA;1994;314;;;;;;;;;;
24;RN;1994;211;;;;;;;;;;
16;AP;1994;125;;;;;;;;;;
17;TO;1994;109;;;;;;;;;;
22;PI;1994;99;;;;;;;;;;
12;AC;1994;88;;;;;;;;;;
14;RR;1994;78;;;;;;;;;;
35;SP;1993;9224;;;;;;;;;;
33;RJ;1993;5367;;;;;;;;;;
26;PE;1993;2763;;;;;;;;;;
29;BA;1993;1503;;;;;;;;;;
41;PR;1993;1237;;;;;;;;;;
31;MG;1993;1211;;;;;;;;;;
43;RS;1993;1177;;;;;;;;;;
32;ES;1993;1098;;;;;;;;;;
52;GO;1993;734;;;;;;;;;;
23;CE;1993;702;;;;;;;;;;
15;PA;1993;623;;;;;;;;;;
27;AL;1993;619;;;;;;;;;;
53;DF;1993;553;;;;;;;;;;
11;RO;1993;498;;;;;;;;;;
50;MS;1993;457;;;;;;;;;;
21;MA;1993;394;;;;;;;;;;
42;SC;1993;371;;;;;;;;;;
25;PB;1993;365;;;;;;;;;;
51;MT;1993;356;;;;;;;;;;
13;AM;1993;350;;;;;;;;;;
28;SE;1993;312;;;;;;;;;;
24;RN;1993;243;;;;;;;;;;
22;PI;1993;117;;;;;;;;;;
12;AC;1993;116;;;;;;;;;;
17;TO;1993;93;;;;;;;;;;
14;RR;1993;69;;;;;;;;;;
16;AP;1993;66;;;;;;;;;;
35;SP;1992;9116;;;;;;;;;;
33;RJ;1992;4536;;;;;;;;;;
26;PE;1992;2531;;;;;;;;;;
43;RS;1992;1570;;;;;;;;;;
31;MG;1992;1131;;;;;;;;;;
41;PR;1992;1092;;;;;;;;;;
29;BA;1992;840;;;;;;;;;;
32;ES;1992;839;;;;;;;;;;
52;GO;1992;828;;;;;;;;;;
15;PA;1992;759;;;;;;;;;;
27;AL;1992;591;;;;;;;;;;
23;CE;1992;537;;;;;;;;;;
28;SE;1992;461;;;;;;;;;;
21;MA;1992;427;;;;;;;;;;
53;DF;1992;424;;;;;;;;;;
50;MS;1992;423;;;;;;;;;;
11;RO;1992;395;;;;;;;;;;
42;SC;1992;361;;;;;;;;;;
25;PB;1992;355;;;;;;;;;;
51;MT;1992;355;;;;;;;;;;
13;AM;1992;351;;;;;;;;;;
24;RN;1992;199;;;;;;;;;;
12;AC;1992;107;;;;;;;;;;
14;RR;1992;95;;;;;;;;;;
22;PI;1992;92;;;;;;;;;;
16;AP;1992;73;;;;;;;;;;
17;TO;1992;67;;;;;;;;;;
35;SP;1991;9685;;;;;;;;;;
33;RJ;1991;5055;;;;;;;;;;
26;PE;1991;2944;;;;;;;;;;
43;RS;1991;1694;;;;;;;;;;
31;MG;1991;1232;;;;;;;;;;
41;PR;1991;1225;;;;;;;;;;
32;ES;1991;968;;;;;;;;;;
52;GO;1991;852;;;;;;;;;;
15;PA;1991;810;;;;;;;;;;
27;AL;1991;665;;;;;;;;;;
23;CE;1991;607;;;;;;;;;;
29;BA;1991;596;;;;;;;;;;
11;RO;1991;491;;;;;;;;;;
53;DF;1991;489;;;;;;;;;;
21;MA;1991;470;;;;;;;;;;
51;MT;1991;452;;;;;;;;;;
13;AM;1991;403;;;;;;;;;;
25;PB;1991;401;;;;;;;;;;
50;MS;1991;388;;;;;;;;;;
42;SC;1991;355;;;;;;;;;;
28;SE;1991;317;;;;;;;;;;
24;RN;1991;219;;;;;;;;;;
12;AC;1991;106;;;;;;;;;;
22;PI;1991;103;;;;;;;;;;
17;TO;1991;92;;;;;;;;;;
14;RR;1991;79;;;;;;;;;;
16;AP;1991;54;;;;;;;;;;
35;SP;1990;9503;;;;;;;;;;
33;RJ;1990;7101;;;;;;;;;;
26;PE;1990;2742;;;;;;;;;;
43;RS;1990;1704;;;;;;;;;;
31;MG;1990;1178;;;;;;;;;;
41;PR;1990;1167;;;;;;;;;;
32;ES;1990;881;;;;;;;;;;
29;BA;1990;867;;;;;;;;;;
15;PA;1990;748;;;;;;;;;;
27;AL;1990;719;;;;;;;;;;
52;GO;1990;681;;;;;;;;;;
11;RO;1990;555;;;;;;;;;;
23;CE;1990;555;;;;;;;;;;
53;DF;1990;463;;;;;;;;;;
21;MA;1990;442;;;;;;;;;;
25;PB;1990;440;;;;;;;;;;
51;MT;1990;415;;;;;;;;;;
42;SC;1990;388;;;;;;;;;;
13;AM;1990;367;;;;;;;;;;
50;MS;1990;348;;;;;;;;;;
24;RN;1990;200;;;;;;;;;;
28;SE;1990;151;;;;;;;;;;
14;RR;1990;127;;;;;;;;;;
22;PI;1990;109;;;;;;;;;;
12;AC;1990;64;;;;;;;;;;
17;TO;1990;54;;;;;;;;;;
16;AP;1990;46;;;;;;;;;;
35;SP;1989;9179;;;;;;;;;;
33;RJ;1989;4290;;;;;;;;;;
26;PE;1989;2553;;;;;;;;;;
43;RS;1989;1561;;;;;;;;;;
31;MG;1989;1216;;;;;;;;;;
41;PR;1989;1112;;;;;;;;;;
29;BA;1989;1086;;;;;;;;;;
32;ES;1989;845;;;;;;;;;;
52;GO;1989;810;;;;;;;;;;
27;AL;1989;805;;;;;;;;;;
15;PA;1989;666;;;;;;;;;;
23;CE;1989;607;;;;;;;;;;
11;RO;1989;490;;;;;;;;;;
51;MT;1989;471;;;;;;;;;;
25;PB;1989;461;;;;;;;;;;
21;MA;1989;411;;;;;;;;;;
50;MS;1989;371;;;;;;;;;;
42;SC;1989;354;;;;;;;;;;
53;DF;1989;331;;;;;;;;;;
13;AM;1989;321;;;;;;;;;;
24;RN;1989;236;;;;;;;;;;
22;PI;1989;142;;;;;;;;;;
28;SE;1989;139;;;;;;;;;;
14;RR;1989;113;;;;;;;;;;
12;AC;1989;95;;;;;;;;;;
17;TO;1989;63;;;;;;;;;;
16;AP;1989;39;;;;;;;;;;
